{
  "head": "device management, deployment simulation, and experiment's descriptions",
  "mighty": {
    "serials": {
      "155100014": [
        "B607A6C200311702",
        "relay"
      ],
      "155100131": [
        "7F0510BBA6C80240",
        "relay"
      ],
      "155100266": [
        "62B3A3D485E47AA1",
        "relay"
      ],
      "155100270": [
        "98FA4B3058A73DED",
        "server"
      ],
      "155100272": [
        "ECFAAA95DA48722F",
        "tag"
      ]
    }
  },
  "custom": {
    "serials": {
      "001": [
        "8475A6873687745E",
        "tag"
      ],
      "002": [
        "D29776A292260A7D",
        "tag"
      ],
      "011": [
        "EB1BC5C41F19B60A",
        "relay"
      ],
      "012": [
        "172F5CCCD1025E22",
        "relay"
      ],
      "014": [
        "FDDF9CBE7596B6E8",
        "relay"
      ],
      "015": [
        "E9272468D2341CB9",
        "relay"
      ]
    }
  },
  "simulation": {
    "area": {
      "width": 6,
      "height": 6,
      "inside": true
    },
    "duration": 3,
    "awaymid": 3,
    "onestep": 1.4,
    "dnoise": [0, 0],
    "tagsinplay": [
      {
        "id": "ECFAAA95DA48722F",
        "name": "mob",
        "steps": 100
      }
    ],
    "deployments": {
      "B607A6C200311702": [
        0, 0
      ],
      "62B3A3D485E47AA1": [
        7.2, 1.4 
      ],
      "2852DBAE27746843": [
        2, 6.4
      ]
    }
  },
  "run": "concurrent",
  "folder": [
    "coll",
    "labor"
  ],
  "format": [
    "< exp# >.[< re# >.]< some words of exp >.< space type >"
  ],
  "codename": {
    "gecko": "mighty gecko board as relay",
    "oldtag mob": "mighty gecko board as tag",
    "greentag green": "new custom board as tag",
    "redrelay red": "new custom board as relay",
    "$shorten": "simplified boards IDs from first 4 chars in lower case"
  },
  "space": {
    "desk": [
      "placed on workdesk, ~1m, continuous interfering"
    ],
    "free": [
      "(almost-)free-obstacle space, ~1.4m, occasional human interfering"
    ],
    "vert": [
      "placed in vertical space, make use of empty-bookshelf"
    ],
    "small": "across 4 workdesks, ~4.8m, not-sure-frequently interferences"
  },
  "shape": {
    "line": "boards place in (nearly) in one line",
    "triangle": "only relays placed on vertexes, tag are freely placed",
    "retangle": "like triangle; plus a try to adjust the form as square"
  }
}