[{
    "orderNo":"1",
    "pos": "1",
    "ab": "1",
    "productNo": "12345-001-0",
    "productLine": "Porcelain",
    "productName": "DSChungle - Plate 22 cm",
    "orderQty": "100",
    "abQty": "100",
    "acceptedQty": "100",
    "remain": "100",
    "confShip": "20 Jun 2016 ",
    "status": "0"
},{
    "orderNo":"2",
    "pos": "1",
    "ab": "1",
    "productNo": "12345-001-0",
    "productLine": "Porcelain",
    "productName": "DSChungle - Plate 22 cm",
    "orderQty": "100",
    "abQty": "100",
    "acceptedQty": "100",
    "remain": "100",
    "confShip": "20 Jun 2016 ",
    "status": "1"
},{
    "orderNo":"3",
    "pos": "1",
    "ab": "1",
    "productNo": "12345-001-0",
    "productLine": "Porcelain",
    "productName": "DSChungle - Plate 22 cm",
    "orderQty": "100",
    "abQty": "100",
    "acceptedQty": "100",
    "remain": "100",
    "confShip": "20 Jun 2016 ",
    "status": "1"
},{
    "orderNo":"4",
    "pos": "1",
    "ab": "1",
    "productNo": "12345-001-0",
    "productLine": "Porcelain",
    "productName": "DSChungle - Plate 22 cm",
    "orderQty": "100",
    "abQty": "100",
    "acceptedQty": "100",
    "remain": "100",
    "confShip": "20 Jun 2016 ",
    "status": "0"
},{
    "orderNo":"5",
    "pos": "1",
    "ab": "1",
    "productNo": "12345-001-0",
    "productLine": "Porcelain",
    "productName": "DSChungle - Plate 22 cm",
    "orderQty": "100",
    "abQty": "100",
    "acceptedQty": "100",
    "remain": "100",
    "confShip": "20 Jun 2016 ",
    "status": "1"
}]
