[{
    "product_segment_name_english":"Flatware, Germany",
    "product_segment_name_german":"Flatware, Germany"
},
{
    "product_segment_name_english":"Flatware, Germany",
    "product_segment_name_german":"Flatware, Germany"
},
{
    "product_segment_name_english":"Flatware, Germany",
    "product_segment_name_german":"Flatware, Germany"
},
{
    "product_segment_name_english":"Flatware, Germany",
    "product_segment_name_german":"Flatware, Germany"
},
{
    "product_segment_name_english":"Flatware, Germany",
    "product_segment_name_german":"Flatware, Germany"
},
{
    "product_segment_name_english":"Flatware, Germany",
    "product_segment_name_german":"Flatware, Germany"
}
]