[{
	"product_line_no":"10203040",
    "brandname":"STO",
    "product_segment":"Segment 1",
    "product_line_name_english":"Flatware, Germany",
    "product_line_name_german":"Flatware, Germany"
},
{
	"product_line_no":"10203040",
    "brandname":"STO",
    "product_segment":"Segment 1",
    "product_line_name_english":"Flatware, Germany",
    "product_line_name_german":"Flatware, Germany"
},
{
	"product_line_no":"10203040",
    "brandname":"STO",
    "product_segment":"Segment 1",
    "product_line_name_english":"Flatware, Germany",
    "product_line_name_german":"Flatware, Germany"
},
{
	"product_line_no":"10203040",
    "brandname":"STO",
    "product_segment":"Segment 1",
    "product_line_name_english":"Flatware, Germany",
    "product_line_name_german":"Flatware, Germany"
},
{
	"product_line_no":"10203040",
    "brandname":"STO",
    "product_segment":"Segment 1",
    "product_line_name_english":"Flatware, Germany",
    "product_line_name_german":"Flatware, Germany"
},
{
	"product_line_no":"10203040",
    "brandname":"STO",
    "product_segment":"Segment 1",
    "product_line_name_english":"Flatware, Germany",
    "product_line_name_german":"Flatware, Germany"
}
]